Número;Autor;Nombre
1; A. A Attanasio ; El Dragon Y El Unicornio
2; A. A Attanasio ; El Lobo Y La Corona
3; Adolfo Hitler ; Mi Lucha
4; Agatha Christie ; Asesinato En Bardsley Mews
5; Agatha Christie ; Asesinato En El Campo De Golf
6; Agatha Christie ; Como Crece Tu Jardin
7; Agatha Christie ; Despues Del Funeral
8; Agatha Christie ; Doble Culpabilidad
9; Agatha Christie ; Doble Pista
10; Agatha Christie ; Donde está el testamento
11; Agatha Christie ; El Caso De La Dama Acongojada
12; Agatha Christie ; El Caso De La Doncella Perfecta
13; Agatha Christie ; El club de los martes
14; Agatha Christie ; La muerte de Lord Edgware
15; Agatha Christie ; Las Manzanas
16;Agustín Sánchez Vidal; la llave maestra
17; Albert Einstein ; Este Es Mi Pueblo
18; Albert Einstein ; Mis Creencias
19; Albert Einstein ; Sobre la Teorí­a de la Relatividad
20; Alberto Blest Gana; Martin Rivas
21; Alejandra Matus ; El Libro Negro de la Justicia Chilena
22; Alejandro Dumas ; El conde de Montecristo
23; Alejandro Dumas ; El hore de la mascara de hierro
24; Alejandro Dumas ; La Dama de las camelias
25; Alejandro Dumas ; Los tre mosqueteros contin.
26; Alejandro Dumas ; Los tres mosqueteros
27; Alexandra Marinina ; El Sueño Robado
28; Alexis Brito Delgado ; Luz blanca: Calor blanco
29; Alonso de Ercilla y Zúñiga ; La Araucana
30; Alvin Toffler ; La Empresa Flexible
31; Alvin Toffler ; La Creacion De La Nueva Civilizacion
32; Alvin Toffler ; La Tercera Ola
33; Amitav Ghosh ; El cromosoma Calcuta
34; Ana Frank ; El Diario Ana Frank
35; Anderson & Leiber & Silverberg ; El Planeta Loco
36; Andrew Klavan ; Ejecución Inminente
37; Anne Rice ; Entrevista con el Vampiro
38; Anne Rice ; La Momia
39; Anonimo ; Curso de Masaje Erotico
40; Anonimo ; El Libro de Urantia
41; Anonimo ; I Ching
42; Anonimo ; Las Mil y Una Noches
43; Anonimo ; Memorias de una Pulga
44; Anonimo ; Mitologia Universal
45; Anonimo ; Posturas del Kamasutra
46; Anthony Bruno ; Seven
47; Antoine De Saint-Exupéry ; El principito
48; Antonio Skármeta ; El Cartero de Neruda
49; Antón Chejov ; Cuentos
50; Anónimo ; Lazarillo de Tormes
51; Anónimo ; Robin Hood
52; Argov Sherry; Por Que Los Hombres Aman A Las Cabronas
53; Aristoteles ; Etica a Nicomaco
54; Aristoteles ; La Gran Moral
55; Aristoteles ; La í‰tica
56; Aristoteles ; Metafisica
57; Aristoteles ; Moral a Eudemo
58; Aristoteles ; Politica
59; Aristóteles ; Poética
60; Arthur C Clarke ; Alba de Saturno
61; Arthur C Clarke ; Antes del Eden
62; Arthur C Clarke ; Canticos De La Lejana Tierra
63; Arthur C Clarke ; Cuentos De La Taberna Del Ciervo Blanco
64; Arthur C Clarke ; El centinela
65; Arthur C Clarke ; El Juego del Escondite
66; Arthur C Clarke ; El Muro de Oscuridad
67; Arthur C Clarke ; Una odisea espacial
68; Arthur C Clarke ; Odisea dos
69; Arthur C Clarke ; Odisea tres
70; Arthur C Clarke ; Odisea final
71; Arthur C Clarke ; Alba de saturno
72; Arthur C Clarke ; Alcanza el mañana
73; Arthur C Clarke ; Antes del Edén
74; Arthur C Clarke ; Cita con Rama
75; Arthur C Clarke ; Claro de Tierra
76; Arthur C Clarke ; Crimen en Marte
77; Arthur C Clarke ; Cuentos del planeta tierra
78; Arthur C Clarke ; El fin de la infancia
79; Arthur C Clarke ; El Jardin De Rama
80; Arthur C Clarke ; El martillo de Dios
81; Arthur C Clarke ; El viento del sol
82; Arthur C Clarke ; En las profundidades
83; Arthur C Clarke ; La ciudad y las estrellas
84; Arthur C Clarke ; Las arenas de Marte
85; Arthur C Clarke y Gentry Lee ; El jardin de Rama
86; Arthur C Clarke y Gentry Lee ; Rama I
87; Arthur C Clarke y Gentry Lee ; Rama revelada
88; Arthur C Clarke y Paul Preuss ; Venus Prime IV
89; Arthur C Clarke y Paul Preuss ; Venus Prime I
90; Arthur C Clarke y Paul Preuss ; Venus Prime II
91; Arthur Conan Doyle ; El mundo pérdido
92; Arthur Conan Doyle ; el regreso de sherlock holmes
93; Arthur Conan Doyle ; El sabueso de los Baskerville
94; Arthur Conan Doyle ; El signo de los cuatro
95; Arthur Conan Doyle ; Espanto en las alturas
96; Arthur Conan Doyle ; Estudio escarlata
97; Arthur Conan Doyle ; La catacua nueva
98; Arthur Conan Doyle ; Las aventuras de Sherlock Holmes
99; Arthur Conan Doyle ; Sherlock Holmes
100; Arthur Golden ; Memorias de una geisha
101; Aukanaw ; Mapuches, La Ciencia Secreta
102; Aurelio Mejí­a ; Vidas antes de la Vida_Hipnosis y Regresiones
103; Baldomero Lillo ; Sub Sole
104; Betty Dodson ; Sexo para uno
105; Bill Clinton ; Mi Vida
106; Bod Avakian; Comunismo y religión
107; Brad Meltzer ; Los pasadizos del poder
108; Bram Stocker ; El entierro de las ratas
109; Bram Storker ; Dracula
110; Brian Weiss ; Como Preparar Su Propio Ejercio De Regresion
111; Brian Weiss ; Espejos Del Tiempo
112; Brian Weiss ; Lazos de Amor
113; Brian Weiss ; Los Mensajes de los Sabios
114; Brian Weiss ; Meditacion
115; Brian Weiss ; Muchas Vidas Muchos Maestros
116; Brian Weiss ; Sólo el Amor es Real
117; Brigitte Glaser & Ursula Vogt ; REIKI El Poder Sanador de las manos
118; Bruce Sterling ; La Caza de Hackers
119; C S Lewis ; cronicas de Narnia: La última batalla
120; C S Lewis ; Cronicas de Narnia: El leon, la bruja y el ropero
121; C S Lewis ; Cronicas de Narnia: El sobrino del mago
122; C S Lewis ; Cronicas de Narnia:  La Travesia del Explorador del Amanecer
123; C S Lewis ; Crónicas de Narnia: El caballo y su niño
124; C S Lewis ; Crónicas de Narnia: El príncipe Caspian
125; C S Lewis ; Crónicas de Narnia: La silla de plata
126; Caldwell, I Thomason D ; El enigma del cuatro
127; Carl Marx & F Engels ; Manifiesto del partido comunista
128; Carl Sagan ; Contacto
129; Carl Sagan ; Cosmos
130; Carl Sagan ; El Cerebro de Broca
131; Carl Sagan ; La Carga del Escepticismo
132; Carola de Goya ; Los Sietes
133; Cesar Mallorqui ; La Catedral
134; Charles  Bukowski ;Pulp
135; Charles Bukowski ; El cartero
136; Charles Bukowsky ; La senda del perdedor
137; Charles Darwin ; El origen de las especies
138; Charles Darwin ; Viaje de un naturalista
139; Charles Dickens ; Cuento de navidad
140; Charles Dickens ; David Copperfield
141; Charles Dickens ; El grillo del hogar
142; Charles Dickens ; El Guardavía
143; Charles Dickens ; Grandes esperanzas
144; Charles Dickens ; Historia de dos ciudades
145; Charles Dickens ; Historias de fantasmas
146; Charles Dickens ; Oliver Twist
147; Charles Palliser ; Corpore insepulto
148; Charles Perrault ; Cuentos
149; Charlotte Brontí« ; Jane Eyre
150; Choderlos de Laclos ; Amistades peligrosas
151; Christopher Paolini ; Eragon
152; Clark Ashton Smith ; Atlantis
153; Clark Ashton Smith ; Los mundos perdidos
154; Conan Doyle Arthur ; El hore del labio retorcido
155; Conny Mendez ; El Librito Azul
156; Conny Mendez ; Metafisica 4 en 1 1ra parte
157; Conny Mendez ; MetafÂ¡sica 4 en 1 2da parte
158; Curso Compilado de Hipnosis 12 capitulos; Curso Compilado de Hipnosis 12 capitulos
159; Curso de Cabala y Tarot; Curso de Cabala y Tarot
160; Dalai Lama ; Con El Corazon Abierto
161; Dalai Lama ; El Arte De La Felicidad
162; Dalai Lama ; Las Leyes De La Vida
163; Dan Brown ; Angeles y demonios
164; Dan Brown ; El Codigo Da Vinci
165; Dan Brown ; La Fortaleza Digital
166; Dan Brown ; La_conspiracion
167; Daniel Defoe ; El Diablo y el relojero
168; Daniel Defoe ; El Diario Del Año De La Peste
169; Daniel Defoe ; Robinson Crusoe
170; DanielGoleman ; Inteligencia Social
171; DanielGoleman ; InteligenciaEmocionalenlaEmpresa
172; DanielGoleman ; InteligenciaEmocional
173; DanielGoleman ; LaPracticaDeLaInteligenciaEmociona
174; Dante Alighieri ; Divina comedia
175; Dante Alighieri ; La Vida Nueva
176; Deepak Chopra ; Las 7 Leyes Espirituales del Exito
177; Desconocido ; Mas Alla Del Sepulcro
178; Diane Carey ; Harén
179; Donna Tartt ; El secreto
180; Dyer Wayner ; Tus zonas erróneas
181; Edgar Allan Poe ; El Escarabajo de Oro
182; Edgar Allan Poe ; Gato Negro
183; Edgar Allan Poe ; La carta robada
184; Edgar Allan Poe ; Los Crí­menes de la Rue Morge
185;Edgar Allan Poe ; Un descenso al maelstrom
186; Edgar Allan Poe ; William Wilson
187; Edgar Rice Burroughs ; Tarzán el señor de la jungla.
188; Eduardo Galeano ; Humor Negro
189; Eduardo Galeano ; Las venas abiertas de América Latina
190; Eduardo Vaquerizo ; Danza de Tinieblas
191; Edward de Bono ; Seis soreros para pensar
192; EL KYBALION ; Tres Iniciados
193; Elena Cabrejas ; Algo habrán hecho
194; Elisavet Kostova ; La Historiadora
195; Emilio Salgari ; Los tigres de la Malasia
196; Emilio Salgari ; Sandokan
197; Emilio Zola ; Germinal
198; Emilio Zola ; Yo acuso
199; Emily Brontí« ; Cures borrascosas
200; Emmanuel Kant ; Crí­tica de la razón pura
201; Emmanuel Kant ; Teorí­a y praxis
202; Enrique Barrios ; Ami El Niño De Las Estrellas
203; Enrique Barrios ; Ami Regresa
204; Enrique Barrios ; El Maravilloso Universo de la Magia
205; Ernest Hemingway ; Fiesta
206; Ernest Hemingway ; Adios A Las Armas
207; Ernest Hemingway ; La Breve Vida Feliz De Francis Macoer
208; Ernest Hemingway ; Las Nieves Del Kilimanjaro
209; Ernest Hemingway ; Paris Era Un FiestaRTF
210; Ernesto Guevara ; Diario del Che en Bolivia
211; Ernesto Guevara ; La Guerra de Guerrillas
212; Ernesto Sabato ; Sobre héroes y tuas
213; Ernesto Sábato ; El Túnel
214; Federico Garcia Lorca ; Bodas de Sangre
215; Federico Garcia Lorca ; Viaje a la Luna
216; Federico Garcí­a Lorca ; Poemas
217; Federico Garcí­a Lorca ; Romancero Gitano
218; Federico Schiller ; Guillermo Tell
219; Federico Schiller ; Marí­a Estuardo
220; Fedor Dostoieswki ; Memorias del subsuelo
221; Fedor Dostoieswski ; El adolecente
222; Fedor Dostoiewski ; Crimen y castigo
223; Fedor Dostoiewski ; El Gran inquisidor
224; Fedor Dostoiewski ; El Jugador
225; Fedor Dostoiewski ; El Sueño del principe
226; Fedor Dostoiewski ; Los hermanos Karamazov
227; Fedor Dostoiewski ; Noches Blancas
228; Fernando Sanchez Drago ; La prueba del laberinto
229; Fernando Barragan, ; Conspiración y muerte en el Vaticano
230; Fernando de Rojas ; La celestina
231; Fernando Llobera ; El noveno cí­rculo
232; Flavio Josefo ; Las guerras de los Judí­os
233; Francis Bacon ; La nueva Atlántida
234; Francis Scott Fitzgerald; Extraño caso de Benjamin Button
235; Francis Scott Fitzgerald; El Gran Gatsby
236; Francisco de Quevedo ; Historia de la vida del buscón
237; Francisco López de Gómara ; Historia general de las Indias
238; Francisco Quevedo ; Sueños
239; Franz Kafka ; Carta a su padre
240; Franz Kafka ; El artista del hare
241; Franz Kafka ; La metamosfosis
242; Fray Luis de León ; De los nores de Cristo
243; Friedrich Georg Junger ; Mitos Griegos
244; Friedrich Nietzche ; Aforismos
245; Friedrich Nietzche ; De mi vida
246; Friedrich Nietzsche ; Así­ habló Zaratustra
247; Friedrich Nietzsche ; Cómo se filosofa a martillazos
248; Friedrich Nietzsche ; Ecce homo
249; Friedrich Nietzsche ; El anticristo
250; Friedrich Nietzsche ; El nacimiento de la tragedia
251; Friedrich Nietzsche ; Genealogí­a de la moral
252; Friedrich Nietzsche ; Homero y la filologí­a clásica
253; Friedrich Nietzsche ; Más allá del bien y del mal
254; Fédor Dostoievski ; El Jugador
255; Félix M Samaniego ; Fábulas
256; GW Hegel ; El Concepto De La Experiencia
257; GW Hegel ; Escritos Pedagogicos
258; GW Hegel; Fenomenologia Del Espiritu
259; Gabriel Garcia Marquez ; Cien Años de Soledad
260; Gabriel Garcia Marquez ; Crónica de una Muerte Anunciada
261; Gabriel Garcia Marquez ; El Amor en los Tiempos del Colera
262; Gabriel Garcia Marquez ; El Coronel No Tiene Quien LeEscriba
263; Gabriel Garcia Marquez ; Relato de un naufrago
264; Gabriel Garcí­a Márquez ; Doce cuentos peregrinos
265; Gabriel Garcí­a Márquez ; El otoño del patriarca
266; Gabriel Garcí­a Márquez ; La cándida Eréndira
267; Gabriel Garcí­a Márquez ; La mala hora
268; Gabriel Garcí­a Márquez ; Noticia de un secuestro
269; Gabriel Garcí­a Márquez ; Ojos de perro azul
270; Gabriel Garcí­a Márquez ; Vivir para contarla
271; Gaston Leroux ; El Fantasma de la ópera
272; Geoffrey Chaucer ; Cuentos de Canterbury
273; George Eliot ; Middlemarch
274; George Lucas ; La Guerra De Las Galaxias
275; George Orwell ;1984
276; George Orwell ; La Granja de Animales
277; Georges Simenon ; El ahorcado de Saint Pholien
278; Gibran Khalil Gibran ; El Jardin del Profeta
279; Gibran Khalil Gibran ; el-loco
280; Gibran Khalil Gibran ; Jesus el Hijo del Hore
281; Gibrán Khalil Gibrán ; El profeta
282; Gibrán Khalil Gibrán ; La voz del maestro
283; Gibrán Khalil Gibrán ; Los secretos de corazón
284; Giorgio Faletti ; Yo mato
285; Giovanni Boccaccio ; Decamerón
286; Guillermo Martí­nez ; Crí­menes imperceptibles
287; Gustave Flaubert ; Madame Bovery
288; Gustavo Adolfo Becquer ; Obras Completas
289; Gustavo Adolfo Becquer ; Rimas y poemas
290; Gustavo Adolfo Becquer ; Un boceto del natural
291; Gustavo Adolfo Becquer ; Es raro
292; Gustavo Adolfo Bécquer ; Desde mi Celda
293; Gustavo Adolfo Bécquer ; Leyendas
294; Gustavo Adolfo Bécquer ; Rimas
295; H Beam Piper ; Encuentro en Zaratustra
296; HG Wells ; La guerra de los mundos
297; Hans Christian Andersen ; Cuentos Clasicos I
298; Hans Christian Andersen ; Cuentos Clasicos IV
299; Hans Christian Andersen ; Cuentos Clasicos V
300; Hans Christian Andersen ; Cuentos
301; Hans Christian Andersen ; Dos pisones
302; Hans Christian Andersen ; El caracol y el rosal
303; Hans Christian Andersen ; El hada del sauco
304; Hans Christian Andersen ; El Patito Feo
305; Hans Christian Andersen ; El principe malvado
306; Hans Christian Andersen ; El Valiente Soldado de Plomo
307; Hans Christian Andersen ; En el mar remoto
308; Hans Christian Andersen ; La campana
309; Hans Christian Andersen ; La espinosa senda del honor
310; Hans Christian Andersen ; La historia del año
311; Hans Christian Andersen ; La hucha
312; Hans Christian Andersen ; La niña judia
313; Hans Christian Andersen ; La Piedra filosofal
314; Hans Christian Andersen ; La Sirenita
315; Hans Christian Andersen ; La Sora
316; Hans Christian Andersen ; La suerte puede estar en un palito
317; Hans Christian Andersen ; Las Habichuelas Magicas
318; Hans Christian Andersen ; Las velas
319; Hans Christian Andersen ; Los chanclos de la suerte
320; Hans Christian Andersen ; Niño travieso
321; Hans Christian Andersen ; Pegaojos
322; Hans Christian Andersen ; Pulgarcita
323; Hans Christian Andersen ; Sopa de palillo de morcilla
324; Hans Christian Andersen; Los campeones de salto
325; Harper Lee ; Matar un Ruisenor
326; Harriet B Stowe ; La cabaña del tio Tom
327; Hector Alvarez Murena ; El centro del infierno
328; Helen MacInnes ; La Red Del Cazador
329; Herbert George Wells ; El hore invisible
330; Herbert George Wells ; La máquina del tiempo
331; Herbert Marcuse ; Cultura y sociedad
332; Herman Melville ; MOBY DICK
333; Hermann Hesse ; Lobo Estepario
334; Hermann Hesse ; Siddharta
335; Homero ; Iliada
336; Homero ; La odisea
337; Honorato de Balzac ; La piel de Zapa
338; Horacio Quiroga ; Cuentos de amor de locura y de muerte
339; Hílderlin, Kleist y Nietzsche ; Lucha contra el demonio
340; Isaac Asimov ; La Estrella De Belen
341; Isaac Asimov ; La Tierra De Canaan
342; Isaac Asimov ; La Tragedia De La Luna
343; Isaac Asimov ; Bovedas de acero
344; Isaac Asimov ; El Hore bicentenario
345; Isaac Asimov ; El sol desnudo
346; Isaac Asimov ; Hacia la Fundación
347; Isaac Asimov ; Lucky Starr y los anillos de Saturno
348; Isaac Asimov ; Yo Robot
349; Isabel Allende ; Cuentos de Eva Luna
350; Isabel Allende ; Cuentos Recetas Y Otros Afrodisiacos
351; Isabel Allende ; De amor y de muerte
352; Isabel Allende ; De amor y de sora
353; Isabel Allende ; El plan infinito
354; Isabel Allende ; Hija de la Fortuna
355; Isabel Allende ; La casa de los espiritus
356; Isabel Allende ; La ciudad de las bestias
357; Isabel Allende ; Paula
358; Isabel Allende ; Retrato en sepia
359; Isabel De Armas ; Ser Mujer En El Opus Dei
360; Ivan Herrera ; Historia Masoneria I
361; Ivan Herrera ; Historia Masoneria II
362; Ivan Herrera ; Historia Masoneria III
363; J J Benitez ; La Rebelión de Lucifer
364; J J Benitez ; Al Fin Libre
365; J J Benitez ; Caballo de Troya 1
366; J J Benitez ; Caballo de Troya 2
367; J J Benitez ; Caballo de Troya 3
368; J J Benitez ; Caballo de Troya 4
369; J J Benitez ; Caballo de Troya 5
370; J J Benitez ; Caballo de Troya 6
371; J J Benitez ; Caballo de Troya 7
372; J J Benitez ; Caballo de Troya 8
373; J J Benitez ; El Papa Rojo
374; J J Benitez ; El testamento de San Juan
375; J J Benitez ; Los Astronautas de Yave
376; J J Benitez ; Mis Enigmas Favoritos
377; J J Benitez ; Ricky B
378; J J Benitez ; Yo, Julio Verne
379; JK Rowling ; Harry Potter y el Principe Mestizo
380; JK Rowling ; Harry Potter y las reliquias de la muerte
381; JK Rowling ; Harry Potter y el Cáliz de fuego
382; JK Rowling ; Harry Potter y el Prisionero de Azkaban
383; JK Rowling ; Harry Potter y la Cámara secreta
384; JK Rowling ; Harry Potter y la Piedra filosofal
385; JK Rowling ; Harry Potter y la orden del fenix
386; JL Austin ; Como Hacer Cosas Con Palabras
387; JM Barrie ; Peter Pan
388; JRR Tolkien ; El Hobbit
389; JRR Tolkien ; El Señor de Los Anillos: Las Dos Torres
390; JRR Tolkien ; El Señor De Los Anillos:  Apendices
391; JRR Tolkien ; El Señor de Los Anillos: El Retorno del Rey
392; JRR Tolkien ; El Señor de Los Anillos: La Comunidad del anillo
393; JRR Tolkien ; El Silmarillion
394; JRR Tolkien ; Hoja de Niggle
395; JRR Tolkien ; La cabaña de los juegos perdidos
396; JRR Tolkien ; La Historia De Beren Y Luthien
397; JRR Tolkien ; La historia de los silmarils
398; JRR Tolkien ; La Vuelta a Casa de Beorhtnoth
399; JRR Tolkien ; Las Aventuras de Tom Boadil
400; JRR Tolkien; Roverandom
401; Jack Finney ; Ahora y siempre
402; James Joyce ; ulises
403; James Joyce ; Dublineses
404; James Redfield ; La Decima Revelacion
405; James Redfield ; La Novena Revelacion
406; James Redfield ; La undecima Revelacion
407; Jane Austen ; Emma
408; Janet Dailey ; El intruso
409; Javier Lorenzo ; El Ultimo Soldurio v
410; Javier Sierra ; El secreto egipcio de Napoleon
411; Javier Sierra; La Cena Secreta
412; Javier Sierra; La Dama Azul
413; Javier Sierra; Las puertas templarias
414; Jean Christophe Grange ; El imperio de los lobos
415; Jean Paul Sartre ; La Nausea
416; Jennifer Blake ; Intriga y seducción
417; Jennifer Blake ; Prisionera del deseo
418; Jennifer Blake ; Serenata
419; Jim hougan ; El Ultimo Merovingio
420; Jo Beverly ; Magia Prohibida
421; Joanne Harris ; La abadí­a de los acróbatas
422; Joaquin Edwards Bello ; La Chica Del Crillon
423; Johan Goethe ; Fausto
424; Johan Goethe W ; Fausto
425; John Case ; Código Génesis
426; John Boyne ; El Niño Con El Pijama De Rayas
427; John Gray; Los hores son de Marte las mujeres de Venus
428; John Grisham ; El socio
429; John Mclaren ; Conexion final v
430; John Milton ; El paraí­so pérdido
431; John Saul ; Hijo de la mente
432; Johnson Spencer ; Quien se ha llevado mi queso
433; Jonathan Black ; Traficantes de armas
434; Jonathan Swift ; Los Viajes de Gullier
435; Jorge Edwards ; El Orden De Las Familias
436; Jorge Edwards ; El Whisky De Los Poetas
437; Jorge Edwards ; Gente De Ciudad
438; Jorge Edwards ; Los Zulues
439; Jorge Edwards ; Cuentos
440; Jorge Isaacs ; Marí­a
441; Jorge Luis Borges ; El aleph
442; Jorge Luis Borges ; El hacedor
443; Jorge Luis Borges ; El informe de Brodie
444; Jorge Luis Borges ; El libro de arena
445; Jorge Luis Borges ; Ficciones
446; Jorge Luis Borges ; Historia universal de la infamia
447; Jorge Luis Borges ; La memoria de Shakespeare
448; Jorge Luis Borges ; Seis problemas para don Isidro Parodi
449; Jorge Luis Oviedo ; La Turca
450; Jose Argulles ; El Descubrimiento De La Ley Del Tiempo
451; Jose Donoso ; Chatanooga Choochoo
452; Jose Donoso ; El Mocho
453; Jose Donoso ; El Tiempo Perdido
454; Jose Donoso ; Este Domingo
455; Jose Donoso ; La Misteriosa Desaparicion De La Marquesita De Loria
456; Jose Donoso ; Sueños De Mala Muerte
457; Jose Zorrilla ; El Puñal Del Godo
458; Jose Zorrilla ; La Calentura Continuacion Del Puñal Del Godo
459; Jose Zorrilla ; Leyendas Y Tradiciones
460; Jose Zorrilla ; Maria, Corona Poetica De La Virgen
461; Joseph Finder ; Poderes extraordinarios
462; Joseph Rudyard Kipling ; Tierras ví­rgenes
463; José Hernández ; Martí­n Fierro
464; José Martí­ ; Amistad Funesta
465; José Ortega y Gasset ; Ensayos
466; José Saramago ; El Cuento de la Isla Desconocida
467; José Saramago ; La caverna
468; José Zorrilla y Moral ; Don Juan Tenorio
469; Joy Fielding ; La ultima pieza [rtf]
470; Juan J Rosseau ; Emilio o la Educación
471; Juan J Rousseau ; El Contrato Social
472; Juan Pablo II ; Cruzando El Ural De La Esperanza
473; Juan Pablo II ; El Testamento
474; Juan Ramón Biedma ; El manuscrito de dios
475; Juan Rulfo ; El llano en llamas
476; Juan Rulfo ; Pedro Páramo
477; Juan Valera ; Pepita Jiménez
478; Juana Salabert ; Velódromo de Invierno
479; Julie Parsons ; Segunda oportunidad
480; Julio Cortazar ; Final Del Juego
481; Julio Cortazar ; Historias de cronopios y famas
482; Julio Cortazar ; La Noche Boca Arriba
483; Julio Cortazar ; La Otra Orilla
484; Julio Cortazar ; Las Armas Secretas
485; Julio Cortazar ; Los Venenos
486; Julio Cortazar ; Modelo para armar
487; Julio Cortazar ; Bestiario
488; Julio Cortazar ; Cuentos de Cortazar
489; Julio Cortazar ; Fantomas contra las multinacionales
490; Julio Cortazar ; Fantomas Contra Los Vampiros Multinaciona
491; Julio Cortazar ; Historias de cronopios y famas
492; Julio Cortazar ; Rayuela
493; Julio Cortazar ; Todos los fuegos el fuego
494; Julio Cortazar ; Un Tal Lucas
495; Julio Cortázar ; Las armas secretas
496; Julio Verne ; Amotinados de la Bounty
497; Julio Verne ; Ante la bandera
498; Julio Verne ; Aventura de tres Rusos y tres Ingleses
499; Julio Verne ; Castillo De Los Carpatos
500; Julio Verne ; Cinco semanas en globo
501; Julio Verne ; Clovis Dardentor Parte 1
502; Julio Verne ; Clovis Dardentor Parte 2
503; Julio Verne ; Clovis Dardentor Parte 3
504; Julio Verne ; De la tierra a la luna
505; Julio Verne ; Dos años de vacaciones
506; Julio Verne ; Edgar Poe Y Sus Obras
507; Julio Verne ; El camino de Francia 1
508; Julio Verne ; El camino de Francia 2
509; Julio Verne ; El eterno Adan
510; Julio Verne; El Faro del fin del mundo
511; Julio Verne ; El Matrimonio Del Señor Anselmo De Los Tilos
512; Julio Verne ; El pueblo aéreo
513; Julio Verne ; El Rayo Verde
514; Julio Verne ; El secreto de Wilhelm Storitz
515; Julio Verne ; El Volcan De Oro
516; Julio Verne ; En El Siglo XXIX, Un Dia De Un Periodista Norteamericano En El Año
517; Julio Verne ; Esfinge de los hielos
518; Julio Verne ; Familia sin nore
519; Julio Verne ; Gil Braltar
520; Julio Verne ; Historia De Los Grandes Viajes Y De Los Grandes Viajeros
521; Julio Verne ; La ciudad flotante
522; Julio Verne ; La Isla Del Tio Robinson
523; Julio Verne ; La Isla Misteriosa
524; Julio Verne ; La vuelta al mundo en dí­as
525; Julio Verne ; Las Indias negras
526; Julio Verne ; Las tribulaciones de un chino en china
527; Julio Verne ; Los Amotinados De La Bounty
528; Julio Verne ; Los forzadores del bloqueo
529; Julio Verne ; Los Hijos Del Capitan Grant En La America Del Sur
530; Julio Verne ; Los Naufragos Del Jonathan
531; Julio Verne ; Martin Paz
532; Julio Verne ; Miguel Strogoff
533; Julio Verne ; Paris En El Siglo XX
534; Julio Verne ; Un Capitan de quince años
535; Julio Verne ; Una Ciudad Flotante
536; Julio Verne ; Veinte mil leguas de viaje submarino
537; Julio Verne ; Viaje al Centro de la Tierra
538; Julio Verne ; Vuelta al Mundo en Dias
539; Julio Verne; Castillo De Los Carpatos
540; Katty Tyers ; La tregua de Bakura
541; Ken Bruen ; Maderos
542; Kenizé Mourad ; De parte de la princesa muerta
543; L Pauweds y J Bergier ; La rebelion de los brujos
544; La Biblia Reina Valera;La Biblia Reina Valera
545; La Fontaine ; Fábulas Libertinas
546; Lafourcade Enrique ; Palomita Blanca
547; Lao Tse ; Tao Te King
548; Larry Bond ; Dia de Ira
549; Larry Collins ; Juego mortal
550; Laura Esquivel ; Como agua para chocolate
551; Laura Esquivel ; El Libro de las Emociones
552; Len Deighton ; El juego de Berlin [rtf]
553; Leon Tolstoi ; Cristianismo Y Anarquismo
554; Leon Tolstoi; Guerra y Paz
555; Lev Grossman ; El Codice Secreto
556; Lewis Carrol ; A través del espejo
557; Lewis Carrol ; Alicia en el paí­s de las maravillas
558; Leyes de Murphy;Leyes de Murphy
559; León Tolstoi ; Ana Karenina
560; León Tolstoi ; Guerra y paz
561; León Tolstoi ; Resurrección
562; León Tolstoi ; Tres muertes
563; Libro de los Chakras; Libro de los Chakras
564; Libro de Nod; Libro de Nod
565; Linda Howard ; Premonición Mortal
566; Lobsang Rampa ; El Tercer Ojo
567; Lois McMaster Bujold ; Fronteras del infinito
568; Lope de Vega ; Fuente ovejuna
569; Lope De Vega ; La Bella Aurora
570; Lope De Vega ; La Buena Guarda
571; Lope De Vega ; La Dama Boba
572; Lord Badmigton ; Manual Nacional de cortesia sexual
573; Louisa May Alcott ; Mujercitas
574; Louise Cooper ; El Señor del Tiempo 1: El iniciado
575; Louise Cooper ; El Señor del Tiempo 2: El Proscrito
576; Louise Cooper ; El Señor del Tiempo 3: El Orden y el caos
577; Lovecraft; La antologí­a - edición de Teo Gómez
578; Lucio Anneo Séneca ; De la ira
579; Lucius Shepard ; El cazador de jaguares
580; Magdalena Lasala ; Maquiavelo el complot
581; Mahoma ; El Corán
582; Manuel Azaña; Causas De La Guerra
583; Manuel Puig ; El Beso de la Mujer Araña
584; Marcel Proust ; Albertina desaparecida
585; Marcel Proust ; en busca del tiempo perdido 1
586; Marcel Proust ; en busca del tiempo perdido 3
587; Marcel Proust ; en busca del tiempo perdido 4
588; Marcel Proust ; en busca del tiempo perdido 5
589; Marcel Proust ; en busca del tiempo perdido 6: la fugitiva
590; Marcel Proust; En busca del tiempo perdido 2
591; Marco Polo ; Viajes
592; Marco Tulio Cicerón ; Bruto o de los ilustres oradores
593; Margaret Weis & Tracy Hickman ; Ciclo De La Puerta De La Muerte Vol 1: Ala De Dragon
594; Margaret Weis & Tracy Hickman ; Ciclo De La Puerta De La Muerte Vol 2: La Estrella De Los Elfos
595; Margaret Weis & Tracy Hickman ; Ciclo De La Puerta De La Muerte Vol 3: El Mar De Fuego
596; Margaret Weis & Tracy Hickman ; Ciclo De La Puerta De La Muerte Vol 4:  El Mago De La Serpiente
597; Margaret Weis & Tracy Hickman ; Ciclo De La Puerta De La Muerte Vol 5: La Mano Del Caos
598; Margaret Weis & Tracy Hickman ; Ciclo De La Puerta De La Muerte Vol 6: El Laberinto
599; Margaret Weis & Tracy Hickman ; Ciclo De La Puerta De La Muerte Vol 7: La Septima Puerta
600; Margaret Weis & Tracy Hickman ; Cronicas De La Dragonlance 03- La Reina De La Oscuridad Parte
601; Margaret Weis & Tracy Hickman ; Crónicas de la Dragonlance 01: El Retorno De Los Dragones
602; Margaret Weis & Tracy Hickman ; Crónicas de la Dragonlance 02: La Tua De Huma
603; Margaret Weis & Tracy Hickman ; Crónicas de la Dragonlance 03: La Reina De La Oscuridad Parte
604; Margaret Weis & Tracy Hickman ; Leyendas De La Dragonlance I: El Templo De Istar
605; Margaret Weis & Tracy Hickman ; Leyendas De La Dragonlance II: La Guerra De Los Enanos
606; Margaret Weis & Tracy Hickman ; Leyendas De La Dragonlance III: El Ural Del Poder
607; Mario Benedetti ; Antologia Poetica
608; Mario Benedetti ; El Amor, las Mujeres y la Vida
609; Mario Benedetti ; El Otro Yo
610; Mario Benedetti ; Esta Mañana Y Otros Cuentos
611; Mario Benedetti ; Geografas
612; Mario Benedetti ; Inventario I Parte 1
613; Mario Benedetti ; La Tregua
614; Mario Benedetti ; Pedro Y El Capitan
615; Mario Benedetti ; Poesias
616; Mario Benedetti ; Quien De Nosotros
617; Mario Benedetti ; Viento Del Exilio
618; Mario Puzo ; El Padrino
619; Mario Puzo ; El Ultimo Don
620; Mario Puzo ; Los Borgia
621; Mario Rozo de Luna ; POR EL REINO ENCANTADO DE MAYA
622; Mario Rozo de Luna; La Ciencia Hierática de los Mayas
623; Mario Vargas Llosa ; Cabrera Infante
624; Mario Vargas Llosa ; Carta A Kenzaburo Oe
625; Mario Vargas Llosa ; Cartas a Un Joven Novelista
626; Mario Vargas Llosa ; El Paraiso En La Otra Esquina
627; Mario Vargas Llosa ; El Pez En El Agua
628; Mario Vargas Llosa ; Historia De Mayta
629; Mario Vargas Llosa ; La Ciudad Y Los Perros
630; Mario Vargas Llosa ; La Condicion Humana, De Andre Malraux
631; Mario Vargas Llosa ; La fiesta del chivo
632; Mario Vargas Llosa ; La Guerra Del Fin Del Mundo
633; Mario Vargas Llosa ; La Tia Julia Y El Escribidor
634; Mario Vargas Llosa ; La Verdad De Las Mentiras
635; Mario Vargas Llosa ; Lituma en los Andes
636; Mario Vargas Llosa ; Los Cuadernos De Don Rigoberto
637; Mario Vargas Llosa ; los-jefes-y-otros-cuentos
638; Mario Vargas Llosa ; Pantaleon Y Las Visitadoras
639; Mario Vargas Llosa ; Quien Mato A Palomino Molero
640; Mario Vargas Llosa ; Seleccion de Articulos
641; Mario Vargas Llosa ; Sin Erotismo No Hay Literatura
642; Mark Twain ; El principe y el mendigo
643; Mark Twain ; El forastero misterioso
644; Mark Twain ; El prí­ncipe y el mendigo
645; Mark Twain ; Huckleberry Finn
646; Mark Twain ; Tom Sawyer
647; Mark Twain ; Un yanki en la corte del rey Arturo
648; MarkTwain ; El hore que corrompió Hadleyburg
649; Marques de Sade ; Eugenia de Franval
650; Marqués de Sade ; Justine
651; Martí­n Caparrós ; Valfierno
652; Martí­n Gil ; Agua Mansa
653; Mary W Shelley ; Frankenstein
654; Matthew G Lewis ; El monje
655; Matthew Pearl ; El club Dante
656; Maurice Joly ; Diálogo en el infierno Maquiavelo y Montesqui
657; Mauricio Xandro ; Grafologia Elemental
658; Mauricio Xandro ; Grafologia Superior Parte 1
659; Mauricio Xandro ; Grafologia Superior Parte 2
660; Max Weber ; Sociologí­a de la Religión
661; Maynard Solomon ; Beethoven
662; Michael Drosnin ; El Codigo Secreto de la Biblia
663; Michael Drosnin ; el nuevo codigo secreto de la biblia
664; Michael Blake ; Danza con lobos
665; Michael Crichton ; Acoso
666; Michael Crichton ; Devoradores de cadaveres
667; Michael Crichton ; El mundo perdido
668; Michael Crichton ; Esfera
669; Michael Crichton ; Parque Jurásico
670; Michael Crichton ; Punto crí­tico
671; Michael Crichton ; Rescate en el tiempo
672; Michael Crichton ; Sol naciente
673; Miguel de Cervantes Saavedra ; Amante liberal
674; Miguel de Cervantes Saavedra ; Casamiento engañoso
675; Miguel de Cervantes Saavedra ; Celoso estremeno
676; Miguel de Cervantes Saavedra ; Don Quijote de la Mancha
677; Miguel de Cervantes Saavedra ; Entremeses
678; Miguel de Cervantes Saavedra ; La Galatea
679; Miguel de Cervantes Saavedra ; La Gitanilla
680; Miguel de Cervantes Saavedra ; Las dos doncellas
681; Miguel de Cervantes Saavedra ; Novelas Ejemplares
682; Miguel De Cervantes Saavedra ; Persiles y Sigismunda
683; Miguel de Cervantes Saavedra ; Trato de Argel
684; Miguel De Unamuno ; Abel Sanchez
685; Miguel De Unamuno ; Alma Vasca
686; Miguel De Unamuno ; Castilla
687; Miguel de Unamuno ; Del sentimiento trágico de la vida
688; Miguel De Unamuno ; El Cristo De Velazquez
689; Miguel De Unamuno ; Epilogo
690; Miguel de Unamuno ;La tía Tula
691; Miguel de Unamuno ; Niebla
692; Miguel De Unamuno; Como Se Hace Una Novela
693; Mijail Bakunin ; Dios y el Estado
694; Mijail Bakunin ; El Patriotismo
695; Moliere ; El Avaro
696; Moliere ; El Enfermo imaginario
697; Moliere ; El medico a palos
698; Moliere ; El misantropo
699; Moliere ; El Ricachon En La Corte
700; Moliere ; La escuela de los maridos
701; Moliere ; Las Mujeres Sabihondas
702; Moliere ; Las Preciosas Ridiculas
703; Molly Cochran ; El regreso del Rey Arturo
704; Morris West ; Arlequin
705; Morris West ; El Navegante
706; Morris West ; Eminencia
707; Morris West ; La Ultima Confesion
708; Morris West ; Las Sandalias Del Pescador
709; Morris West ; Proteo
710; Neal Stephenson ; Criptonomicon I: El Código Enigma
711; Neal Stephenson ; Criptonomicon II: El Código Pontifex
712; Neal Stephenson ; Criptonomicon III: El Código Aretusa
713; Neil Olson ; El Icono Sagrado
714; Nicanor Parra ; Poemas Y Antipoemas
715; Nicholas Evans ; A través del fuego
716; Nicholas Wilcox ; Trilogia Templaria 1: Los Falsos Peregrinos
717; Nicholas Wilcox ; Trilogia Templaria 2: Las Tropetas de Jerico
718; Nicholas Wilcox ; Trilogia Templaria 3: La Sangre de Dios
719; Nicolás Maquiavelo ; El prí­ncipe
720; Norman Mailer ; El fantasma de Harlot
721; Nostradamus ; Centurias
722; Nostradamus ;Profesías de Nostradamus
723; Nostradamus ; Testamento
724; Núria Masot ; La Sora del templario
725; Octavio Paz ; El Ritmo
726; Octavio Paz ; Ensayos
727; Octavio Paz ; Lo Mejor, Sonetos
728; Octavio Paz ; El Laberinto De La Soledad
729; Octavio Paz ; Ensayos
730; Octavio Paz ; Mascaras Mexicanas
731; Og Mandino ; El Milagro más Grande del Mundo
732; Og Mandino ; El vendedor más grande del mundo
733; Og Mandino ; Operacion Jesucristo
734; Olga Lengyel ; Los Hornos de Hitler
735; Oscar Wilde ; El abanico de Lady Windermere
736; Oscar Wilde ; El fantasma de Canterville
737; Oscar Wilde ; El retrato de dorian gray
738; Oscar Wilde ; La Importancia de llamarse Ernesto
739; Osho ; Que es la Meditación
740; Ovidio ; El Arte de amar
741; Ovidio ; El Remedio Del Amor
742; Ovidio ; Las ponticas
743; Ovidio ; Las tristes
744; Ovidio ; Los amores
745; Ovidio ; Metamorfosis
746; Pablo Alonso de Avecilla ; La conquista del Peru
747; Pablo Azaghal Gines ; El Otro Lado La Ciencia De Los Anillos
748; Pablo Neruda ; 20 Poemas De Amor Y Una Cancion Desesperada
749; Pablo Neruda ; Canto General
750; Pablo Neruda ; Cien sonetos de amor
751; Pablo Neruda ; Confieso Que He Vivido
752; Pablo Neruda ; Libro De Las Preguntas
753; Pablo Neruda ; Residencia En La Tierra
754; Patricia D Cornwell ; Causa de muerte
755; Patricia D Cornwell ; La Granja De Cuerpos
756; Patricia D Cornwell ; Post-mortem
757; Patricia D Cornwell ; Un Aiente Extraño
758; Patricia Verdugo ; La Caravana De La Muerte, Pruebas A La Vista
759; Patricia Verdugo; Los Zarpazos Del Puma
760; Patrick GERYL ; La profecia de Orion
761; Patrick Sí¼skind ; El perfume
762; Paul Sussman ; El Enigma de Caises
763; Paul Auster ; Ciudad de Cristal
764; Paul Auster ; Fantasmasrtf
765; Paul Auster ; La Noche Del Oraculo
766; Paul Auster ;La Trilogía de Nueva York
767; Paul Tabori ; Historia de la estupidez humana
768; Paulo Coelho ; A orillas del rio Piedra me sente y llore
769; Paulo Coelho ; Brida
770; Paulo Coelho ; El alquimista
771; Paulo Coelho ; El Zahir
772; Paulo Coelho ; La Quinta Montaña
773; Paulo Coelho ; Las Confesiones Del Peregrino
774; Paulo Coelho ; Manual del guerrero de la luz
775; Paulo Coelho ; Veronika decide morir
776; Pedro Calderón de la Barca ; El alcalde de Zalamea
777; Pedro Calderón de la Barca ; La vida es sueño
778; Pedro Lemebel ; De Perlas Y Cicatrices
779; Pedro Lemebel ; La Esquina Es Mi Corazon
780; Pedro Lemebel ; Loco Afan
781; Peter Benchley ; 1979 La Isla
782; Peter Berling ; Los hijos del Grial
783; Picknett Lynn ; La Revelacion De Los Templarios
784; Pierre Salliger ; Juegos mortales
785; Pitagoras ; Los Versos De Oro
786; Pitagoras ; Versos aureos
787; Platon ; La Republica
788; Platón ; Banquete
789; Platón ; El mito de la caverna
790; Platón ; Eutidemo
791; Platón ; La républica
792; Platón ; Sócrates
793; Poul Anderson ; La espada rota
794; Rafael Marí­n ; Elemental querido Chaplin
795; Ray Bradbury ; Caleidoscopio
796; Ray Bradbury ; Cronicas Marcianas
797; Ray Bradbury ; El cohete
798; Ray Bradbury ; El Marciano
799; Ray Bradbury ; El Peaton
800; Ray Bradbury ; El Verano del Cohete
801; Ray Bradbury ; El Viento
802; Ray Bradbury; El Marciano
803; Redfield James ; La Nueva Vision Espiritual
804; Rene Barjavel ; La noche de los tiempos
805; Rene Descartes ; Discurso del metodo
806; Rene Descartes ; Meditaciones
807; Rhonda byrne ; El secreto La ley de atraccion
808; Richard Preston ; Zona Caliente
809; Richard Bach ; Al otro lado del tiempo
810; Richard Bach ; Juan Salvador Gaviota
811; Roald Dahl ; El gran caiazo
812; Roald Dahl ; El visitante
813; Roald Dahl ; El último acto
814; Roald Dahl ; Perra
815; Robert Bloch ; Cuentos De Humor Negro
816; Robert Mawson ; Hijos de Lázaro [rtf]
817; Robert C Atkins ; La Revolucion Dietetica Del Dr Atkins Parte 1
818; Robert C Atkins ; La Revolucion Dietetica Del Dr Atkins Parte 2
819; Robert Fisher ; El caballero de la armadura oxidada
820; Robert Fisher y Beth Kelly ; El Búho que no podia ulular
821; Robert Holdstock ; Bosque Mitago
822; Robert Jordan ; La rueda del tiempo El ojo del mundo
823; Robert Jordan ; La rueda del tiempo Los héroes
824; Robert Kiyosaki ; Padre rico, padre pobre
825; Robert L Stevenson ; El Dr Jekyll y Mr Hyde
826; Robert L Stevenson ; La isla del tesoro
827; Robert L Stevenson ; La resaca
828; Robert Poe ; Regreso a la Casa Usher
829; Roberto Arlt ; Secretos Femeninos
830; Roberto Bolaño ;2666
831; Roberto Bolaño ; Amuleto
832; Roberto Bolaño ; El Gaucho Insufrible
833; Roberto Bolaño ; Nocturno De Chile
834; Roberto Bolaño ; Putas Asesinas
835; Robin Cook ; Abduccion
836; Rodolfo Martí­nez; Los sicarios del cielo
837; Roland Auguet ; Crueldad Y Civilizacion, Los Juegos Romanos
838; Romain Sardou ; La Herejí­a
839; Ruben H Zorrilla ; Extraccion Social De Los Caudillos
840; Rubén Dario ; Poemas
841; Rubén Darí­o ; Azul
842; Rubén Darí­o ; Cantos de vida y esperanza
843; Rupert Furneaux ; Los grandes enigmas del universo
844; SD Perry ; Resident Evil 0: Hora Cero
845; SD Perry ; Resident Evil 1: La Conspiracion Urella
846; SD Perry ; Resident Evil 2: La Ensenada Caliban
847; SD Perry ; Resident Evil 3: La Ciudad De Los Muertos
848; SD Perry ; Resident Evil 4: Inframundo
849; SD Perry ; Resident Evil 5:  Nemesis
850; SD Perry ; Resident Evil 6: Codigo Veronica
851; Salman Rushdie ; Los versos satánicos
852; Salvador Allende ; Su Ultimo Discurso
853; SAMAEL AUN WEOR ; El Libro de los Muertos
854; Samuel Aun ; Mas_alla_muerte
855; Samuel Aun ; Mirando misterio
856; San Agustin ; La Ciudad De Dios
857; San Ignacio de Loyola ; Autobiografí­a
858; Santa Teresa de Jesús ; Camino de Perfección
859; Shalila Dardon ; El Gran Libro de los Chakras
860; Sherry Argov ; Por Que Los Hores Aman A Las Cabronas
861; Shirlee Busbee ; La Amante Cautiva
862; Shirlee Busbee ; La Rosa de España
863; Sigmund Freud ; La Sexualidad En La Etiologia De Las Neurosis
864; Sigmund Freud ; Psicologia de las masas y analisis del Yo
865; Sigmund Freud ; un caso de curacion hipnotica
866; Sigmund Freud ; El Tabu De La Virginidad
867; Sigmund Freud ; Introduccion Al Narcisismo
868; Sigmund Freud ; La Herencia Y La Etiologia De Las Neurosis
869; Sigmund Freud ; La interpretacion de los sueños
870; Sigmund Freud ; Mas alla del principio del placer y otras obras
871; Sigmund Freud ; Psicoanalisis Y Teoria De La Libido
872; Sigmund Freud ; El malestar en la cultura
873; Sigmund Freud ; La interpretación de los sueños
874; Sigmund Freud ; Totem y Tabú
875; Sixto Paz ; Antiprofecia
876; Sixto Paz ; Contacto Interdimensional
877; Sixto Paz ; El Ural Secreto
878; Sixto Paz ; Los Guias Extraterrestres
879; Sixto Paz ; Mensajes Del Cosmos
880; Sixto Paz ; Una Insolita Invitacion
881; Socrates ; Apologí­a
882; Sor Juana Inés de la Cruz ; Cartas
883; Sor Juana Inés de La Cruz ; El Divino Narciso
884; Sor Marí­a de Jesús ; Vida de la Virgen Marí­a
885; Spencer Johnson ; Quien se ha llevado mi queso
886; Srila Atulananda ; Bhagavad Gita
887; Stanislaw Lem ; Solaris
888; Stefan Zweig ; 24 Horas En La Vida De Una Mujer
889; Stefan Zweig ; Carta de una desconocida
890; Stefan Zweig ; Castalion contra Calvino
891; Stefan Zweig ; El Candelabro Enterrado
892; Stefan Zweig ; El Misterio De La Creacion Artistica
893; Stefan Zweig ; El Tren Precintado
894; Stefan Zweig ; Erasmo de Rotterdam, Triunfo y Tragedia
895; Stefan Zweig ; Fouché
896; Stefan Zweig ; Magallanes
897; Stefan Zweig ; Marí­a Antonieta
898; Stefan Zweig; Brasil Pais De Futuro
899; Stefanie Zweig ; En un lugar de Africa
900; Stendhal ; Rojo y Negro
901; Stephen Hawking ; El universo en una cascara de nuez
902; Stephen Hawking ; Historia del Tiempo
903; Stephen King ; Rabia
904; Stephen King ; Almuerzo en el restaurante Gotham
905; Stephen King ; Carrie
906; Stephen King ; Cementerio de animales
907; Stephen King ; Dolores Claiborne
908; Stephen King ; El cazador de sueños
909; Stephen King ; El Ciclo del Hore Lobo
910; Stephen King ; El fugitivo
911; Stephen King ; El resplandor
912; Stephen King ; El Talisman
913; Stephen King ; El ural de la noche
914; Stephen King ; Historias Fantasticas
915; Stephen King ; Horror
916; Stephen King ; Insomnia
917; Stephen King ; La chica que amaba a Tom Gordon
918; Stephen King ; La expedición
919; Stephen King ; La Larga Marcha
920; Stephen King ; La mitad siniestra
921; Stephen King ; La niebla
922; Stephen King ; La torre oscura I
923; Stephen King ; La torre oscura II
924; Stephen King ; La torre oscura III:  Las tierras baldí­as
925; Stephen King ; La torre oscura IV:  La bola de cristal
926; Stephen King ; La zona muerta
927; Stephen King ; Maleficio
928; Stephen King ; Mientras escribo
929; Stephen King ; Misery
930; Stephen King ; Montado en la bala
931; Stephen King ; Pesadillas y Alucinaciones
932; Stephen King ; Posesión
933; Stephen King y Chris Carter ; X-Files Chinga
934; Stephen King; Carrie
935; Stephenie Meyer ; Crepusculo
936; Stephenie Meyer ; Eclipse
937; Stephenie Meyer ; Luna Nueva
938; Stephenie Meyer; Amanecer
939; Steve Perry ; Soras del Imperio
940; Sun Tzu ; El Arte de la Guerra
941; Sófocles ; Antí­gonas
942; Sófocles ; Edipo rey
943; Thomas Gifford ; Los Assassini
944; Thomas Gordon ; Mossad la historia secreta
945; Thomas Greanias ; El resurgir de la Atlántida
946; Thomas H Cook ; El Misterio de la Laguna Negra
947; Thomas Harris ; Dragon Rojo
948; Thomas Harris ; El silencio de los inocentes
949; Thomas Harris ; Hannibal
950; Thomas Keneally ; El Arca de Schindler
951; Tim Lahaye y Jerry B Jenkins ; Dejados atrás: El Regreso Glorioso
952; Tim Willocks ; El fin último de la creación
953; Timothy Zahn ; Star Wars: El resurgir de la fuerza oscura
954; Timothy Zahn ; Star Wars: Heredero del Imperio
955; Timothy Zahn ; Star Wars: la última orden
956; Tirso De Molina ; El Burlador de Sevilla
957; Tom Clancy ; Los Dientes del Tigre
958; Tom Clancy ; Divide y conquistarás
959; Tom Clancy ; Equilibrio de poder
960; Tom Clancy ; Estado de sitio
961; Tom Clancy ; Jaque al poder
962; Tom Clancy ; La caza del Octubre Rojo
963; Tomas Moro ; Utopí­a
964; Tony Buzan ; El Libro de la Lectura Rápida
965; Ubaldo Gomez ; La estirpe de Jesus
966; Uerto Eco ; El Nore de la Rosa
967; Uerto Eco ; El Péndulo De Foucault
968; Varios ; Diccionario De Los Sueños
969; Varios ; Dinosaurios
970; Varios ; El Cinturon De Venus
971; Varios ; El Club De La Comedia Contraataca
972; Varios ; El Club De La Comedia
973; Varios ; El Mundo Que No Veremos
974; Varios ; Evangelios apocrifos
975; Varios Autores ; El Enigma sagrado
976; VicentVan Gogh ; Ultimas Cartas Desde La Locura
977; Victor Hugo ; Los Miserables
978; Victor Hugo ; Nuestra señora de Parí­s
979; Victor Ostrovsky ; Por el camino de la decepcion
980; Virgilio ; Eneida
981; Vladimir Nabokov ; Lolita
982; Voltaire ; Historia de un buen Brahma
983; Warren Nancy ; Un Poco De DiversionRTF
984; William Goldin ; El Señor de las moscas
985; William Shakespeare ; El rey Lear
986; William Shakespeare ; Enrique IV
987; William Shakespeare ; Hamlet
988; William Shakespeare ; La Fierecilla domada
989; William Shakespeare ; La tempestad
990; William Shakespeare ; Macbeth
991; William Shakespeare ; Otello
992; William Shakespeare ; Ricardo II
993; William Shakespeare ; Romeo y Julieta
994; William Shakespeare ; Sonetos de amor
995; William Shakespeare ; Sueño de una noche de San Juan
996; William Shakespeare ; Sueño de una noche de verano
997; Winston Groom ; Gump & Co
998; Woody Allen ; Como Acabar De Una Vez Por Todas Con La Cultura
999; Woody Allen ; El Conde Dracula
1000; Yoshikawa, Eiji-Musashi; El arte de la guerra
